{
  "companyBasicInfo": {
    "businessName": "BJP_IND",
	"isActive":true,
    "address": {
      "stateCode": "WB",
      "pinCode": "710110",
      "addressLine1": "Belgum",
      "addressLine2": "Noapara"
    }
	 
  },
  "geography": {
    
    "states": [
      {
        "stateCode": "DL",
        "isDefault": true,
		"stateSubsInfo":{
			  "subsStartDate": "2020-01-01",
     		  "subsEndDate": "2021-01-01"
		}
      },
      {
        "stateCode": "WB",
        "isDefault": false,
		"stateSubsInfo":{
			  "subsStartDate": "2020-01-01",
     		  "subsEndDate": "2021-01-01"
		}
      }
    ]
  },
  
	"modules":[
	  {
	    "moduleId":1,
	    "isActive":true
	  },
	  {
	    "moduleId":2,
	    "isActive":true
	  }
	],
  
  "finance":{
    "subscriptionInfo":{
	 "subsStartDate": "2020-01-01",
     "subsEndDate": "2021-01-01"
	},
	"transaction":{
	  "amountPaid":10,
	  "unitCode":"L",
	  "paymentMode":"D",
	  "paymentDate":"2020-01-01"
	}
    
  },
	"logo":{
		"imageType":"jpeg",
		"imageValue":"<base 64 encoded string>"
	}
}