{
  "managerId": 1,
  "basicInfo": {
    "firstName": "susanta",
    "lastName": "das",
    "middleName": "",
    "gender": "M",
    "email": "dalal.sourav2@gmail.com",
    "contactNo": "9331257314",
	"isActive":true,
	"userTypeId":1,
    "address": {
      "stateCode": "WB",
      "pinCode": "710110",
      "addressLine1": "Belgum",
      "addressLine2": "Noapara"
    }
  },
  "subscriptionInfo": {
    "subsStartDate": "2020-01-01",
    "subsEndDate": "2021-01-01"
  },
  "geography": {
    "states": [
      {
        "stateCode": "DL",
        "isDefault": true
      },
      {
        "stateCode": "WB",
        "isDefault": false
      }
    ]
  },
  "modules":[
	  {
	    "moduleId":1,
	    "isActive":true
	  },
	  {
	    "moduleId":2,
	    "isActive":true
	  }
	],
	"logo":{
		"imageType":"jpeg",
		"imageValue":"<base 64 encoded string>"
	}
}